{
  "project_info": {
    "project_number": "257504133026",
    "project_id": "e-agriculture-ca3f3",
    "storage_bucket": "e-agriculture-ca3f3.appspot.com"
  },
  "client": [
    {
      "client_info": {
        "mobilesdk_app_id": "1:257504133026:android:f015dd1bdbc690ac4fbcfb",
        "android_client_info": {
          "package_name": "com.e_agriculture"
        }
      },
      "oauth_client": [
        {
          "client_id": "257504133026-c5spt7j654sclkoht3aq1eav6f65fph0.apps.googleusercontent.com",
          "client_type": 3
        }
      ],
      "api_key": [
        {
          "current_key": "AIzaSyB-DIzKK8q83DcaxlzV7sVo4TfFtW7mnZ4"
        }
      ],
      "services": {
        "appinvite_service": {
          "other_platform_oauth_client": [
            {
              "client_id": "257504133026-c5spt7j654sclkoht3aq1eav6f65fph0.apps.googleusercontent.com",
              "client_type": 3
            }
          ]
        }
      }
    }
  ],
  "configuration_version": "1"
}